Temperature,Humidity,Light,CO2,HumidityRatio
22.89,26.13333333,590.3333333,1002,0.00451094
